BE,Bald Eagle (1 of 1222)BV,Black Vulture (2 of 1222)BW,Broad-winged Hawk (3 of 1222)BH,Common Black Hawk (4 of 1222)CH,Cooper's Hawk (5 of 1222)CC,Crested Caracara (6 of 1222)EK,Eurasian Kestrel (7 of 1222)FH,Ferruginous Hawk (8 of 1222)GE,Golden Eagle (9 of 1222)GH,Gray Hawk (10 of 1222)GY,Gyrfalcon (11 of 1222)HH,Harris's Hawk (12 of 1222)HK,Hook-billed Kite (13 of 1222)ML,Merlin (14 of 1222)MK,Mississippi Kite (15 of 1222)NG,Northern Goshawk (16 of 1222)NH,Northern Harrier (17 of 1222)OS,Osprey (18 of 1222)PG,Peregrine Falcon (19 of 1222)PK,Plumbeous Kite (20 of 1222)PR,Prairie Falcon (21 of 1222)RS,Red-shouldered Hawk (22 of 1222)RT,Red-tailed Hawk (23 of 1222)RL,Rough-legged Hawk (24 of 1222)SS,Sharp-shinned Hawk (25 of 1222)SH,Short-tailed Hawk (26 of 1222)SN,Snail Kite (27 of 1222)SW,Swainson's Hawk (28 of 1222)SK,Swallow-tailed Kite (29 of 1222)TV,Turkey Vulture (30 of 1222)UA,Unknown Accipiter (31 of 1222)UB,Unknown Buteo (32 of 1222)UE,Unknown Eagle (33 of 1222)UF,Unknown Falcon (34 of 1222)UR,Unknown Raptor (35 of 1222)UV,Unknown Vulture (36 of 1222)WE,White-tailed Eagle (37 of 1222)WT,White-tailed Hawk (38 of 1222)WK,White-tailed Kite (39 of 1222)ZT,Zone-tailed Hawk (40 of 1222)SA,Small Accipiter (41 of 1222)LA,Large Accipiter (42 of 1222)SF,Small Falcon (43 of 1222)LF,Large Falcon (44 of 1222)UK,Unknown Kite (45 of 1222)WEGR,Western Grebe (46 of 1222)CLGR,Clark's Grebe (47 of 1222)WCGR,Western/Clark's Grebe (48 of 1222)RNGR,Red-necked Grebe (49 of 1222)HOGR,Horned Grebe (50 of 1222)EAGR,Eared Grebe (51 of 1222)LEGR,Least Grebe (52 of 1222)PBGR,Pied-billed Grebe (53 of 1222)COLO,Common Loon (54 of 1222)YBLO,Yellow-billed Loon (55 of 1222)ARLO,Arctic Loon (56 of 1222)PALO,Pacific Loon (57 of 1222)RTLO,Red-throated Loon (58 of 1222)TUPU,Tufted Puffin (59 of 1222)ATPU,Atlantic Puffin (60 of 1222)HOPU,Horned Puffin (61 of 1222)RHAU,Rhinoceros Auklet (62 of 1222)CAAU,Cassin's Auklet (63 of 1222)PAAU,Parakeet Auklet (64 of 1222)CRAU,Crested Auklet (65 of 1222)WHAU,Whiskered Auklet (66 of 1222)LEAU,Least Auklet (67 of 1222)ANMU,Ancient Murrelet (68 of 1222)MAMU,Marbled Murrelet (69 of 1222)LBMU,Long-billed Murrelet (70 of 1222)AMMU,Alaska Marbled Murrelet (71 of 1222)KIMU,Kittlitz's Murrelet (72 of 1222)XAMU,Xantus's Murrelet (73 of 1222)SCMU,Scripps's Murrelet (74 of 1222)GUMU,Guadalupe Murrelet (75 of 1222)CRMU,Craveri's Murrelet (76 of 1222)BLGU,Black Guillemot (77 of 1222)PIGU,Pigeon Guillemot (78 of 1222)COMU,Common Murre (79 of 1222)TBMU,Thick-billed Murre (80 of 1222)RAZO,Razorbill (81 of 1222)DOVE,Dovekie (82 of 1222)GRSK,Great Skua (83 of 1222)SPSK,South Polar Skua (84 of 1222)POJA,Pomarine Jaeger (85 of 1222)PAJA,Parasitic Jaeger (86 of 1222)LTJA,Long-tailed Jaeger (87 of 1222)IVGU,Ivory Gull (88 of 1222)MAGU,Magellan Gull (89 of 1222)BLKI,Black-legged Kittiwake (90 of 1222)RLKI,Red-legged Kittiwake (91 of 1222)GLGU,Glaucous Gull (92 of 1222)ICGU,Iceland Gull (93 of 1222)THGU,Thayer's Gull (94 of 1222)GWGU,Glaucous-winged Gull (95 of 1222)HYGU,Hybrid Gull (96 of 1222)GBBG,Great Black-backed Gull (97 of 1222)SBGU,Slaty-backed Gull (98 of 1222)WEGU,Western Gull (99 of 1222)YFGU,Yellow-footed Gull (100 of 1222)LBBG,Lesser Black-backed Gull (101 of 1222)HERG,Herring Gull (102 of 1222)CAGU,California Gull (103 of 1222)UNGU,Unidentified Gull (104 of 1222)RBGU,Ring-billed Gull (105 of 1222)BTGU,Band-tailed Gull (106 of 1222)MEGU,Mew Gull (107 of 1222)BHGU,Black-headed Gull (108 of 1222)HEEG,Heermann's Gull (109 of 1222)LAGU,Laughing Gull (110 of 1222)FRGU,Franklin's Gull (111 of 1222)BOGU,Bonaparte's Gull (112 of 1222)LIGU,Little Gull (113 of 1222)ROGU,Ross's Gull (114 of 1222)SAGU,Sabine's Gull (115 of 1222)GBTE,Gull-billed Tern (116 of 1222)CATE,Caspian Tern (117 of 1222)ROYT,Royal Tern (118 of 1222)CRTE,Crested Tern (119 of 1222)ELTE,Elegant Tern (120 of 1222)SATE,Sandwich Tern (121 of 1222)CAYT,Cayenne Tern (122 of 1222)FOTE,Forster's Tern (123 of 1222)COTE,Common Tern (124 of 1222)HYTE,Hybrid Tern (125 of 1222)ARTE,Arctic Tern (126 of 1222)ROST,Roseate Tern (127 of 1222)HCRT,Common Tern X Roseate Tern Hybrid (128 of 1222)ALTE,Aleutian Tern (129 of 1222)BNTE,Black-naped Tern (130 of 1222)LETE,Least Tern (131 of 1222)LITE,Little Tern (132 of 1222)ILTE,Interior Least Tern (133 of 1222)CLTE,California Least Tern (134 of 1222)SOTE,Sooty Tern (135 of 1222)BRTE,Bridled Tern (136 of 1222)GRAT,Gray-backed Tern (137 of 1222)BLTE,Black Tern (138 of 1222)WWTE,White-winged Tern (139 of 1222)WHIT,Whiskered Tern (140 of 1222)BRNO,Brown Noddy (141 of 1222)BLNO,Black Noddy (142 of 1222)BGNO,Blue-gray Noddy (143 of 1222)WHTE,White Tern (144 of 1222)BLSK,Black Skimmer (145 of 1222)BFAL,Black-footed Albatross (146 of 1222)WAAL,Wandering Albatross (147 of 1222)HYAL,Hybrid Albatross (148 of 1222)STAL,Short-tailed Albatross (149 of 1222)LAAL,Laysan Albatross (150 of 1222)BBAL,Black-browed Albatross (151 of 1222)SHAL,Shy Albatross (152 of 1222)WAVA,Waved Albatross (153 of 1222)YNAL,Yellow-nosed Albatross (154 of 1222)NOFU,Northern Fulmar (155 of 1222)COSH,Cory's Shearwater (156 of 1222)STRS,Streaked Shearwater (157 of 1222)GRSH,Great Shearwater (158 of 1222)MASH,Manx Shearwater (159 of 1222)PFSH,Pink-footed Shearwater (160 of 1222)AUSH,Audubon's Shearwater (161 of 1222)LISH,Little Shearwater (162 of 1222)TRSH,Tropical Shearwater (163 of 1222)BVSH,Black-vented Shearwater (164 of 1222)TOSH,Townsend's Shearwater (165 of 1222)NESH,Newell's Shearwater (166 of 1222)SOSH,Sooty Shearwater (167 of 1222)FFSH,Flesh-footed Shearwater (168 of 1222)SHOS,Short-tailed Shearwater (169 of 1222)WTSH,Wedge-tailed Shearwater (170 of 1222)BULS,Buller's Shearwater (171 of 1222)CHSH,Christmas Shearwater (172 of 1222)BCPE,Black-capped Petrel (173 of 1222)COPE,Cook's Petrel (174 of 1222)HAPE,Hawaiian Petrel (175 of 1222)JFPE,Juan Fernandez Petrel (176 of 1222)PHPE,Phoenix Petrel (177 of 1222)MOPE,Mottled Petrel (178 of 1222)BOPE,Bonin Petrel (179 of 1222)BWPE,Black-winged Petrel (180 of 1222)MUPE,Murphy's Petrel (181 of 1222)STPE,Stejneger's Petrel (182 of 1222)TAPE,Tahiti Petrel (183 of 1222)BUPE,Bulwer's Petrel (184 of 1222)CAPE,Cape Petrel (185 of 1222)LTSP,Least Storm-Petrel (186 of 1222)FTSP,Fork-tailed Storm-Petrel (187 of 1222)LHSP,Leach's Storm-Petrel (188 of 1222)BANP,Band-rumped Storm-Petrel (189 of 1222)WRSP,Wedge-rumped Storm-Petrel (190 of 1222)BLSP,Black Storm-Petrel (191 of 1222)TRSP,Tristram's Storm-Petrel (192 of 1222)ASSP,Ashy Storm-Petrel (193 of 1222)WISP,Wilson's Storm-Petrel (194 of 1222)WHSP,White-throated Storm-Petrel (195 of 1222)WFSP,White-faced Storm-Petrel (196 of 1222)WTTR,White-tailed Tropicbird (197 of 1222)RBTR,Red-billed Tropicbird (198 of 1222)RTTR,Red-tailed Tropicbird (199 of 1222)MABO,Masked Booby (200 of 1222)BFBO,Blue-footed Booby (201 of 1222)NABO,Nazca Booby (202 of 1222)BRBO,Brown Booby (203 of 1222)RFBO,Red-footed Booby (204 of 1222)NOGA,Northern Gannet (205 of 1222)ANHI,Anhinga (206 of 1222)GRCO,Great Cormorant (207 of 1222)DCCO,Double-crested Cormorant (208 of 1222)GUCO,Guanay Cormorant (209 of 1222)NECO,Neotropic Cormorant (210 of 1222)BRAC,Brandt's Cormorant (211 of 1222)PECO,Pelagic Cormorant (212 of 1222)RFCO,Red-faced Cormorant (213 of 1222)AWPE,American White Pelican (214 of 1222)BRPE,Brown Pelican (215 of 1222)MAFR,Magnificent Frigatebird (216 of 1222)GRFR,Great Frigatebird (217 of 1222)LEFR,Lesser Frigatebird (218 of 1222)COME,Common Merganser (219 of 1222)RBME,Red-breasted Merganser (220 of 1222)HOME,Hooded Merganser (221 of 1222)MALL,Mallard (222 of 1222)HAWD,Hawaiian Duck (223 of 1222)LADU,Laysan Duck (224 of 1222)MHDH,Mallard X Hawaiian Duck Hybrid (225 of 1222)MBDX,Mallard X American Black Duck Intermediate (226 of 1222)MBDH,Mallard X American Black Duck Hybrid (227 of 1222)MALX,Mallard Dominant X American Black Duck Hybrid (228 of 1222)ABDU,American Black Duck (229 of 1222)MEDU,Mexican Duck (230 of 1222)ABDX,American Black Duck Dominant X Mallard Hybrid (231 of 1222)MODU,Mottled Duck (232 of 1222)GADW,Gadwall (233 of 1222)EUWI,Eurasian Wigeon (234 of 1222)AMWI,American Wigeon (235 of 1222)FATE,Falcated Teal (236 of 1222)GWTE,Green-winged Teal species (237 of 1222)EGWT,European Green-winged Teal (238 of 1222)AGWT,Green-winged Teal (239 of 1222)BATE,Baikal Teal (240 of 1222)GARG,Garganey (241 of 1222)BWTE,Blue-winged Teal (242 of 1222)UNTE,Unidentified Teal (243 of 1222)CITE,Cinnamon Teal (244 of 1222)NSHO,Northern Shoveler (245 of 1222)NOPI,Northern Pintail (246 of 1222)WHIP,White-cheeked Pintail (247 of 1222)OHDU,Other Hybrid Duck (248 of 1222)WODU,Wood Duck (249 of 1222)MUDU,Muscovy Duck (250 of 1222)REDH,Redhead (251 of 1222)CPOC,Common Pochard (252 of 1222)CANV,Canvasback (253 of 1222)GRSC,Greater Scaup (254 of 1222)LESC,Lesser Scaup (255 of 1222)TUDU,Tufted Duck (256 of 1222)RNDU,Ring-necked Duck (257 of 1222)COGO,Common Goldeneye (258 of 1222)BAGO,Barrow's Goldeneye (259 of 1222)BUFF,Bufflehead (260 of 1222)LTDU,Long-tailed Duck (261 of 1222)HARD,Harlequin Duck (262 of 1222)STEI,Steller's Eider (263 of 1222)SPEI,Spectacled Eider (264 of 1222)COEI,Common Eider (265 of 1222)KIEI,King Eider (266 of 1222)BLSC,Black Scoter (267 of 1222)WWSC,White-winged Scoter (268 of 1222)SUSC,Surf Scoter (269 of 1222)RUDU,Ruddy Duck (270 of 1222)MADU,Masked Duck (271 of 1222)LSGO,Lesser Snow Goose (272 of 1222)BLGO,Blue Goose (273 of 1222)SBGI,Snow X Blue Goose Intergrade (274 of 1222)BGSG,Blue Greater Snow Goose (275 of 1222)GSGO,Greater Snow Goose (276 of 1222)ROGO,Ross's Goose (277 of 1222)SRGH,Snow X Ross's Goose Hybrid (278 of 1222)GWFG,Greater White-fronted Goose (279 of 1222)TABG,Taiga Bean-Goose (280 of 1222)PFGO,Pink-footed Goose (281 of 1222)LWFG,Lesser White-fronted Goose (282 of 1222)OHGO,Other Hybrid Goose (283 of 1222)TWFG,Tule White-fronted Goose (284 of 1222)CAGO,Canada Goose (285 of 1222)ACGO,Aleutian Canada Goose (286 of 1222)CACG,Cackling Goose (287 of 1222)LCGO,Large Canada Goose (288 of 1222)SCGO,Small Canada Goose (289 of 1222)ATBR,Atlantic Brant (290 of 1222)BABI,Black X Atlantic Brant Intergrade (291 of 1222)BLBR,Black Brant (292 of 1222)BRNG,Barnacle Goose (293 of 1222)HAGO,Hawaiian Goose (294 of 1222)EMGO,Emperor Goose (295 of 1222)BBWD,Black-bellied Whistling-Duck (296 of 1222)WIWD,West Indian Whistling-Duck (297 of 1222)FUWD,Fulvous Whistling-Duck (298 of 1222)MUSW,Mute Swan (299 of 1222)WHOS,Whooper Swan (300 of 1222)WHSW,Whistling Swan (301 of 1222)BESW,Bewick's Swan (302 of 1222)TRUS,Trumpeter Swan (303 of 1222)AMFL,American Flamingo (304 of 1222)ROSP,Roseate Spoonbill (305 of 1222)WHIB,White Ibis (306 of 1222)SCIB,Scarlet Ibis (307 of 1222)GLIB,Glossy Ibis (308 of 1222)WFIB,White-faced Ibis (309 of 1222)WOST,Wood Stork (310 of 1222)AMBI,American Bittern (311 of 1222)LEBI,Least Bittern (312 of 1222)YEBI,Yellow Bittern (313 of 1222)GWHE,Great White Heron (314 of 1222)GBHE,Great Blue Heron (315 of 1222)GREG,Great Egret (316 of 1222)PRHE,Pacific Reef Heron (317 of 1222)SNEG,Snowy Egret (318 of 1222)REEG,Reddish Egret (319 of 1222)TRHE,Tricolored Heron (320 of 1222)LBHE,Little Blue Heron (321 of 1222)CAEG,Cattle Egret (322 of 1222)GRHE,Green Heron (323 of 1222)BCNH,Black-crowned Night-Heron (324 of 1222)YCNH,Yellow-crowned Night-Heron (325 of 1222)WHCR,Whooping Crane (326 of 1222)SACR,Sandhill Crane (327 of 1222)MSCR,Mississippi Sandhill Crane (328 of 1222)LIMP,Limpkin (329 of 1222)KIRA,King Rail (330 of 1222)CLRA,Clapper Rail (331 of 1222)RIRA,Ridgway's Rail (332 of 1222)VIRA,Virginia Rail (333 of 1222)YBCR,Yellow-breasted Crake (334 of 1222)SORA,Sora (335 of 1222)YERA,Yellow Rail (336 of 1222)BLRA,Black Rail (337 of 1222)BBRA,Buff-banded Rail (338 of 1222)PUGA,Purple Gallinule (339 of 1222)PUSW,Purple Swamphen (340 of 1222)COGA,Common Gallinule (341 of 1222)HAGA,Hawaiian Gallinule (342 of 1222)MCMO,Mariana Common Moorhen (343 of 1222)HACO,Hawaiian Coot (344 of 1222)AMCO,American Coot (345 of 1222)CARC,Caribbean Coot (346 of 1222)REPH,Red Phalarope (347 of 1222)RNPH,Red-necked Phalarope (348 of 1222)WIPH,Wilson's Phalarope (349 of 1222)AMAV,American Avocet (350 of 1222)BNST,Black-necked Stilt (351 of 1222)HAST,Hawaiian Stilt (352 of 1222)EUWO,Eurasian Woodcock (353 of 1222)AMWO,American Woodcock (354 of 1222)WISN,Wilson's Snipe (355 of 1222)PTSN,Pin-tailed Snipe (356 of 1222)SWSN,Swinhoe's Snipe (357 of 1222)SBDO,Short-billed Dowitcher (358 of 1222)LBDO,Long-billed Dowitcher (359 of 1222)STSA,Stilt Sandpiper (360 of 1222)REKN,Red Knot (361 of 1222)RRKN,Rufa Red Knot (362 of 1222)PUSA,Purple Sandpiper (363 of 1222)ROSA,Rock Sandpiper (364 of 1222)SHAS,Sharp-tailed Sandpiper (365 of 1222)PESA,Pectoral Sandpiper (366 of 1222)WRSA,White-rumped Sandpiper (367 of 1222)BASA,Baird's Sandpiper (368 of 1222)LESA,Least Sandpiper (369 of 1222)RNST,Red-necked Stint (370 of 1222)LTST,Long-toed Stint (371 of 1222)DUNL,Dunlin (372 of 1222)CUSA,Curlew Sandpiper (373 of 1222)SPOS,Spoon-billed Sandpiper (374 of 1222)SESA,Semipalmated Sandpiper (375 of 1222)WESA,Western Sandpiper (376 of 1222)SAND,Sanderling (377 of 1222)MAGO,Marbled Godwit (378 of 1222)BARG,Bar-tailed Godwit (379 of 1222)HUGO,Hudsonian Godwit (380 of 1222)BLAG,Black-tailed Godwit (381 of 1222)GRYE,Greater Yellowlegs (382 of 1222)LEYE,Lesser Yellowlegs (383 of 1222)SOSA,Solitary Sandpiper (384 of 1222)WOSA,Wood Sandpiper (385 of 1222)MASA,Marsh Sandpiper (386 of 1222)WILL,Willet (387 of 1222)WATA,Wandering Tattler (388 of 1222)GTTA,Gray-tailed Tattler (389 of 1222)RUFF,Ruff (390 of 1222)UPSA,Upland Sandpiper (391 of 1222)BBSA,Buff-breasted Sandpiper (392 of 1222)SPSA,Spotted Sandpiper (393 of 1222)COSA,Common Sandpiper (394 of 1222)LBCU,Long-billed Curlew (395 of 1222)WHIM,Whimbrel (396 of 1222)BTCU,Bristle-thighed Curlew (397 of 1222)NOLA,Northern Lapwing (398 of 1222)EUDO,Eurasian Dotterel (399 of 1222)BBPL,Black-bellied Plover (400 of 1222)EUGP,European Golden-Plover (401 of 1222)AMGP,American Golden-Plover (402 of 1222)PAGP,Pacific Golden-Plover (403 of 1222)LEGP,Lesser Golden-Plover (404 of 1222)KILL,Killdeer (405 of 1222)SEPL,Semipalmated Plover (406 of 1222)CRPL,Common Ringed Plover (407 of 1222)PIPL,Piping Plover (408 of 1222)SNPL,Snowy Plover (409 of 1222)WSPL,Western Snowy Plover (410 of 1222)LRSP,Lesser Sand-Plover (411 of 1222)WIPL,Wilson's Plover (412 of 1222)MOPL,Mountain Plover (413 of 1222)SURF,Surfbird (414 of 1222)RUTU,Ruddy Turnstone (415 of 1222)BLTU,Black Turnstone (416 of 1222)AMOY,American Oystercatcher (417 of 1222)BLOY,Black Oystercatcher (418 of 1222)NOJA,Northern Jacana (419 of 1222)BTPI,Band-tailed Pigeon (420 of 1222)PLPI,Plain Pigeon (421 of 1222)PRPP,Puerto Rican Plain Pigeon (422 of 1222)RBPI,Red-billed Pigeon (423 of 1222)WCPI,White-crowned Pigeon (424 of 1222)SNPI,Scaly-naped Pigeon (425 of 1222)SPDO,Spotted Dove (426 of 1222)AFCD,African Collared-Dove (427 of 1222)ZEBD,Zebra Dove (428 of 1222)WTGD,White-throated Ground-Dove (429 of 1222)MAFD,Mariana Fruit Dove (430 of 1222)PHTD,Philippine Turtle-Dove (431 of 1222)ECDO,Eurasian Collared-Dove (432 of 1222)MODO,Mourning Dove (433 of 1222)EADO,Eared Dove (434 of 1222)ZEND,Zenaida Dove (435 of 1222)WTDO,White-tipped Dove (436 of 1222)CADO,Caribbean Dove (437 of 1222)WWDO,White-winged Dove (438 of 1222)COGD,Common Ground-Dove (439 of 1222)RUGD,Ruddy Ground-Dove (440 of 1222)INDO,Inca Dove (441 of 1222)KWQD,Key West Quail-Dove (442 of 1222)RUQD,Ruddy Quail-Dove (443 of 1222)BRQD,Bridled Quail-Dove (444 of 1222)CALC,California Condor (445 of 1222)PSSH,Puerto Rican Sharp-shinned Hawk (446 of 1222)HRLH,Harlan's Hawk (447 of 1222)RH,Roadside Hawk (448 of 1222)PBWH,Puerto Rican Broad-winged Hawk (449 of 1222)HWHA,Hawaiian Hawk (450 of 1222)AP,Aplomado Falcon (451 of 1222)AK,American Kestrel (452 of 1222)ACCA,Audubon's Crested Caracara (453 of 1222)BNOW,Barn Owl (454 of 1222)AFOW,Ashy-faced Owl (455 of 1222)LEOW,Long-eared Owl (456 of 1222)SEOW,Short-eared Owl (457 of 1222)BDOW,Barred Owl (458 of 1222)SBOH,Spotted X Barred Owl Hybrid (459 of 1222)SPOW,Spotted Owl (460 of 1222)CSOW,California Spotted Owl (461 of 1222)NSOW,Northern Spotted Owl (462 of 1222)MSOW,Mexican Spotted Owl (463 of 1222)GGOW,Great Gray Owl (464 of 1222)BOOW,Boreal Owl (465 of 1222)NSWO,Northern Saw-whet Owl (466 of 1222)EASO,Eastern Screech-Owl (467 of 1222)WHSO,Whiskered Screech-Owl (468 of 1222)WESO,Western Screech-Owl (469 of 1222)PRSO,Puerto Rican Screech-Owl (470 of 1222)FLOW,Flammulated Owl (471 of 1222)GHOW,Great Horned Owl (472 of 1222)SNOW,Snowy Owl (473 of 1222)NHOW,Northern Hawk Owl (474 of 1222)BUOW,Burrowing Owl (475 of 1222)NOPO,Northern Pygmy-Owl (476 of 1222)FEPO,Ferruginous Pygmy-Owl (477 of 1222)ELOW,Elf Owl (478 of 1222)BHPA,Black-headed Parakeet (479 of 1222)HPKT,Hispaniolan Parakeet (480 of 1222)OFPA,Orange-fronted Parakeet (481 of 1222)BTPA,Brown-throated Parakeet (482 of 1222)BCLO,Blue-crowned Lorikeet (483 of 1222)TBPA,Thick-billed Parrot (484 of 1222)MOPA,Monk Parakeet (485 of 1222)CHCO,Cherry-head Conure (486 of 1222)RCPA,Red-crowned Parrot (487 of 1222)HPRT,Hispaniolan Parrot (488 of 1222)PRPA,Puerto Rican Parrot (489 of 1222)OWPA,Orange-winged Parrot (490 of 1222)SBAN,Smooth-billed Ani (491 of 1222)GBAN,Groove-billed Ani (492 of 1222)GRRO,Greater Roadrunner (493 of 1222)PRLC,Puerto Rican Lizard-Cuckoo (494 of 1222)MACU,Mangrove Cuckoo (495 of 1222)YBCU,Yellow-billed Cuckoo (496 of 1222)WYBC,Western Yellow-billed Cuckoo (497 of 1222)BBCU,Black-billed Cuckoo (498 of 1222)ELTR,Elegant Trogon (499 of 1222)EAQU,Eared Quetzal (500 of 1222)BEKI,Belted Kingfisher (501 of 1222)RIKI,Ringed Kingfisher (502 of 1222)GKIN,Green Kingfisher (503 of 1222)PRTO,Puerto Rican Tody (504 of 1222)IBWO,Ivory-billed Woodpecker (505 of 1222)HAWO,Hairy Woodpecker (506 of 1222)DOWO,Downy Woodpecker (507 of 1222)RCWO,Red-cockaded Woodpecker (508 of 1222)LBWO,Ladder-backed Woodpecker (509 of 1222)NUWO,Nuttall's Woodpecker (510 of 1222)ARWO,Arizona Woodpecker (511 of 1222)WHWO,White-headed Woodpecker (512 of 1222)BBWO,Black-backed Woodpecker (513 of 1222)ATTW,American Three-toed Woodpecker (514 of 1222)YBSA,Yellow-bellied Sapsucker (515 of 1222)RNSA,Red-naped Sapsucker (516 of 1222)HYSA,Hybrid Sapsucker (517 of 1222)RBSA,Red-breasted Sapsucker (518 of 1222)WISA,Williamson's Sapsucker (519 of 1222)PIWO,Pileated Woodpecker (520 of 1222)RHWO,Red-headed Woodpecker (521 of 1222)ACWO,Acorn Woodpecker (522 of 1222)PRWO,Puerto Rican Woodpecker (523 of 1222)LEWO,Lewis's Woodpecker (524 of 1222)RBWO,Red-bellied Woodpecker (525 of 1222)WIWO,West Indian Woodpecker (526 of 1222)GFWO,Golden-fronted Woodpecker (527 of 1222)GIWO,Gila Woodpecker (528 of 1222)YSFL,Yellow-shafted Flicker (529 of 1222)FLIN,Northern Flicker (530 of 1222)RSFL,Red-shafted Flicker (531 of 1222)GIFL,Gilded Flicker (532 of 1222)CWWI,Chuck-will's-widow (533 of 1222)BCNI,Buff-collared Nightjar (534 of 1222)EWPW,Eastern Whip-poor-will (535 of 1222)PRNI,Puerto Rican Nightjar (536 of 1222)MWPW,Mexican Whip-poor-will (537 of 1222)COPO,Common Poorwill (538 of 1222)COPA,Common Pauraque (539 of 1222)CONI,Common Nighthawk (540 of 1222)ANNI,Antillean Nighthawk (541 of 1222)LENI,Lesser Nighthawk (542 of 1222)BLSW,Black Swift (543 of 1222)CHSW,Chimney Swift (544 of 1222)STSW,Short-tailed Swift (545 of 1222)VASW,Vaux's Swift (546 of 1222)WTSW,White-throated Swift (547 of 1222)MAHU,Magnificent Hummingbird (548 of 1222)PCST,Plain-capped Starthroat (549 of 1222)BLUH,Blue-throated Hummingbird (550 of 1222)GVIO,Green Violetear (551 of 1222)RTHU,Ruby-throated Hummingbird (552 of 1222)BCHU,Black-chinned Hummingbird (553 of 1222)COHU,Costa's Hummingbird (554 of 1222)ANHU,Anna's Hummingbird (555 of 1222)BTLH,Broad-tailed Hummingbird (556 of 1222)RUHU,Rufous Hummingbird (557 of 1222)ALHU,Allen's Hummingbird (558 of 1222)BUHU,Bumblebee Hummingbird (559 of 1222)CAHU,Calliope Hummingbird (560 of 1222)JAMA,Jamaican Mango (561 of 1222)GRMA,Green Mango (562 of 1222)GTCA,Green-throated Carib (563 of 1222)ACHU,Antillean Crested Hummingbird (564 of 1222)GREM,Green-breasted Mango (565 of 1222)LUHU,Lucifer Hummingbird (566 of 1222)BAWO,Bahama Woodstar (567 of 1222)RUFH,Rufous-tailed Hummingbird (568 of 1222)BEHU,Berylline Hummingbird (569 of 1222)BUFH,Buff-bellied Hummingbird (570 of 1222)VCHU,Violet-crowned Hummingbird (571 of 1222)WEHU,White-eared Hummingbird (572 of 1222)PREM,Puerto Rican Emerald (573 of 1222)HYHU,Hybrid Hummingbird (574 of 1222)UNHU,Unidentified Hummingbird (575 of 1222)BBLH,Broad-billed Hummingbird (576 of 1222)RTBE,Rose-throated Becard (577 of 1222)FTFL,Fork-tailed Flycatcher (578 of 1222)STFL,Scissor-tailed Flycatcher (579 of 1222)EAKI,Eastern Kingbird (580 of 1222)GRAK,Gray Kingbird (581 of 1222)TBKI,Thick-billed Kingbird (582 of 1222)LOKI,Loggerhead Kingbird (583 of 1222)TRKI,Tropical Kingbird (584 of 1222)COKI,Couch's Kingbird (585 of 1222)WEKI,Western Kingbird (586 of 1222)CAKI,Cassin's Kingbird (587 of 1222)GKIS,Great Kiskadee (588 of 1222)SBFL,Sulphur-bellied Flycatcher (589 of 1222)GCFL,Great Crested Flycatcher (590 of 1222)BCFL,Brown-crested Flycatcher (591 of 1222)NUFL,Nutting's Flycatcher (592 of 1222)ATFL,Ash-throated Flycatcher (593 of 1222)DCFL,Dusky-capped Flycatcher (594 of 1222)LSFL,La Sagra's Flycatcher (595 of 1222)PRFL,Puerto Rican Flycatcher (596 of 1222)STOF,Stolid Flycatcher (597 of 1222)LESF,Lesser Antillean Flycatcher (598 of 1222)EAPH,Eastern Phoebe (599 of 1222)SAPH,Say's Phoebe (600 of 1222)BLPH,Black Phoebe (601 of 1222)OSFL,Olive-sided Flycatcher (602 of 1222)GRPE,Greater Pewee (603 of 1222)EAWP,Eastern Wood-Pewee (604 of 1222)WEWP,Western Wood-Pewee (605 of 1222)CUPE,Cuban Pewee (606 of 1222)LAPE,Lesser Antillean Pewee (607 of 1222)JAPE,Jamaican Pewee (608 of 1222)HIPE,Hispaniolan Pewee (609 of 1222)YBFL,Yellow-bellied Flycatcher (610 of 1222)COFL,Cordilleran Flycatcher (611 of 1222)PSFL,Pacific-slope Flycatcher (612 of 1222)WEFL,Western Flycatcher (613 of 1222)ACFL,Acadian Flycatcher (614 of 1222)WIFL,Willow Flycatcher (615 of 1222)ALFL,Alder Flycatcher (616 of 1222)SWFL,Southwestern Willow Flycatcher (617 of 1222)TRFL,Traill's Flycatcher (618 of 1222)LEFL,Least Flycatcher (619 of 1222)UNEM,Unidentified Empidonax (620 of 1222)HAFL,Hammond's Flycatcher (621 of 1222)DUFL,Dusky Flycatcher (622 of 1222)GRFL,Gray Flycatcher (623 of 1222)BBFL,Buff-breasted Flycatcher (624 of 1222)VEFL,Vermilion Flycatcher (625 of 1222)GREL,Greenish Elaenia (626 of 1222)NBTY,Northern Beardless-Tyrannulet (627 of 1222)CAEL,Caribbean Elaenia (628 of 1222)SKLA,Sky Lark (629 of 1222)HOLA,Horned Lark (630 of 1222)SHLA,Streaked Horned Lark (631 of 1222)BBMA,Black-billed Magpie (632 of 1222)YBMA,Yellow-billed Magpie (633 of 1222)BLJA,Blue Jay (634 of 1222)STJA,Steller's Jay (635 of 1222)FLSJ,Florida Scrub-Jay (636 of 1222)WESJ,Western Scrub-Jay (637 of 1222)ISSJ,Island Scrub-Jay (638 of 1222)MEJA,Mexican Jay (639 of 1222)GREJ,Green Jay (640 of 1222)BRJA,Brown Jay (641 of 1222)GRAJ,Gray Jay (642 of 1222)CORA,Common Raven (643 of 1222)CHRA,Chihuahuan Raven (644 of 1222)WNCR,White-necked Crow (645 of 1222)AMCR,American Crow (646 of 1222)NOCR,Northwestern Crow (647 of 1222)TACR,Tamaulipas Crow (648 of 1222)HCRO,Hawaiian Crow (649 of 1222)FICR,Fish Crow (650 of 1222)CLNU,Clark's Nutcracker (651 of 1222)PIJA,Pinyon Jay (652 of 1222)EUST,European Starling (653 of 1222)CRMY,Crested Myna (654 of 1222)COMY,Common Myna (655 of 1222)WVMY,White-vented Myna (656 of 1222)HIMY,Hill Myna (657 of 1222)JUMY,Jungle Myna (658 of 1222)BOBO,Bobolink (659 of 1222)BHCO,Brown-headed Cowbird (660 of 1222)BROC,Bronzed Cowbird (661 of 1222)SHCO,Shiny Cowbird (662 of 1222)YHBL,Yellow-headed Blackbird (663 of 1222)RWBL,Red-winged Blackbird (664 of 1222)TRBL,Tricolored Blackbird (665 of 1222)TSBL,Tawny-shouldered Blackbird (666 of 1222)YSBL,Yellow-shouldered Blackbird (667 of 1222)EAME,Eastern Meadowlark (668 of 1222)WEME,Western Meadowlark (669 of 1222)AUOR,Audubon's Oriole (670 of 1222)ALOR,Altamira Oriole (671 of 1222)SPOO,Spot-breasted Oriole (672 of 1222)SCOR,Scott's Oriole (673 of 1222)BVOR,Black-vented Oriole (674 of 1222)BCOR,Black-cowled Oriole (675 of 1222)CUOR,Cuban Oriole (676 of 1222)BAHO,Bahama Oriole (677 of 1222)PROR,Puerto Rican Oriole (678 of 1222)HIOR,Hispaniolan Oriole (679 of 1222)HOOR,Hooded Oriole (680 of 1222)STRO,Streak-backed Oriole (681 of 1222)OROR,Orchard Oriole (682 of 1222)BAOR,Baltimore Oriole (683 of 1222)BBOH,Baltimore X Bullock's Oriole Hybrid (684 of 1222)BUOR,Bullock's Oriole (685 of 1222)RUBL,Rusty Blackbird (686 of 1222)BRBL,Brewer's Blackbird (687 of 1222)COGR,Common Grackle (688 of 1222)GTGR,Great-tailed Grackle (689 of 1222)BTGR,Boat-tailed Grackle (690 of 1222)GAGR,Greater Antillean Grackle (691 of 1222)EVGR,Evening Grosbeak (692 of 1222)BRAM,Brambling (693 of 1222)HAWF,Hawfinch (694 of 1222)COCH,Common Chaffinch (695 of 1222)PIGR,Pine Grosbeak (696 of 1222)EUBU,Eurasian Bullfinch (697 of 1222)CORO,Common Rosefinch (698 of 1222)PUFI,Purple Finch (699 of 1222)CAFI,Cassin's Finch (700 of 1222)HOFI,House Finch (701 of 1222)RECR,Red Crossbill (702 of 1222)WWCR,White-winged Crossbill (703 of 1222)GCRF,Gray-crowned Rosy-Finch (704 of 1222)BLRF,Black Rosy-Finch (705 of 1222)BCRF,Brown-capped Rosy-Finch (706 of 1222)EUGO,European Goldfinch (707 of 1222)ORGR,Oriental Greenfinch (708 of 1222)HORE,Hoary Redpoll (709 of 1222)UNRE,Unidentified Common/Hoary Redpoll (710 of 1222)CORE,Common Redpoll (711 of 1222)AMGO,American Goldfinch (712 of 1222)LEGO,Lesser Goldfinch (713 of 1222)LAGO,Lawrence's Goldfinch (714 of 1222)RESI,Red Siskin (715 of 1222)PISI,Pine Siskin (716 of 1222)COCA,Common Canary (717 of 1222)YFCA,Yellow-fronted Canary (718 of 1222)SNBU,Snow Bunting (719 of 1222)MKBU,McKay's Bunting (720 of 1222)RUBU,Rustic Bunting (721 of 1222)LIBU,Little Bunting (722 of 1222)GRBU,Gray Bunting (723 of 1222)PALB,Pallas's Bunting (724 of 1222)REBU,Reed Bunting (725 of 1222)LALO,Lapland Longspur (726 of 1222)SMLO,Smith's Longspur (727 of 1222)CCLO,Chestnut-collared Longspur (728 of 1222)MCLO,McCown's Longspur (729 of 1222)VESP,Vesper Sparrow (730 of 1222)IPSP,Ipswich Sparrow (731 of 1222)SAVS,Savannah Sparrow (732 of 1222)BSSP,Belding's Savannah Sparrow (733 of 1222)LBSP,Large-billed Sparrow (734 of 1222)BAIS,Baird's Sparrow (735 of 1222)GRSP,Grasshopper Sparrow (736 of 1222)FGSP,Florida Grasshopper Sparrow (737 of 1222)HESP,Henslow's Sparrow (738 of 1222)LCSP,Le Conte's Sparrow (739 of 1222)SALS,Saltmarsh Sparrow (740 of 1222)NESP,Nelson's Sparrow (741 of 1222)STSP,Unidentified Sharp-tailed Sparrow (742 of 1222)SESP,Seaside Sparrow (743 of 1222)DSSP,Dusky Seaside Sparrow (744 of 1222)CSSS,Cape Sable Seaside Sparrow (745 of 1222)LASP,Lark Sparrow (746 of 1222)HASP,Harris's Sparrow (747 of 1222)WCSP,White-crowned Sparrow (748 of 1222)EWCS,Eastern White-crowned Sparrow (749 of 1222)MWCS,Mountain White-crowned Sparrow (750 of 1222)PSWS,Puget Sound White-crowned Sparrow (751 of 1222)GWCS,Gambel's White-crowned Sparrow (752 of 1222)NWCS,Nuttall's White-crowned Sparrow (753 of 1222)GCSP,Golden-crowned Sparrow (754 of 1222)WTSP,White-throated Sparrow (755 of 1222)RUFS,Rufous-collared Sparrow (756 of 1222)ZSHY,Zonotrichia Sparrow Hybrid (757 of 1222)ATSP,American Tree Sparrow (758 of 1222)CHSP,Chipping Sparrow (759 of 1222)CCSP,Clay-colored Sparrow (760 of 1222)BRSP,Brewer's Sparrow (761 of 1222)FISP,Field Sparrow (762 of 1222)WOSP,Worthen's Sparrow (763 of 1222)BCSP,Black-chinned Sparrow (764 of 1222)WWJU,White-winged Junco (765 of 1222)SCJU,Slate-colored Junco (766 of 1222)ORJU,Oregon Junco (767 of 1222)UDEJ,Dark-eyed Junco (768 of 1222)GHJU,Gray-headed Junco (769 of 1222)YEJU,Yellow-eyed Junco (770 of 1222)BTSP,Black-throated Sparrow (771 of 1222)USSP,Unspecified Sage Sparrow (772 of 1222)SCBS,San Clemente Bell's Sparrow (773 of 1222)FSSP,Five-striped Sparrow (774 of 1222)SBSP,Sagebrush Sparrow (775 of 1222)BESP,Bell's Sparrow (776 of 1222)BACS,Bachman's Sparrow (777 of 1222)BOSP,Botteri's Sparrow (778 of 1222)CASP,Cassin's Sparrow (779 of 1222)RWSP,Rufous-winged Sparrow (780 of 1222)RCSP,Rufous-crowned Sparrow (781 of 1222)SOSP,Song Sparrow (782 of 1222)LISP,Lincoln's Sparrow (783 of 1222)SWSP,Swamp Sparrow (784 of 1222)FOSP,Fox Sparrow (785 of 1222)OLSP,Olive Sparrow (786 of 1222)SAFI,Saffron Finch (787 of 1222)EATO,Eastern Towhee (788 of 1222)URST,Unidentified Rufous-sided Towhee (789 of 1222)SPTO,Spotted Towhee (790 of 1222)GTTO,Green-tailed Towhee (791 of 1222)HYTO,Hybrid Towhee (792 of 1222)CANT,Canyon Towhee (793 of 1222)CALT,California Towhee (794 of 1222)ICTO,Inyo California Towhee (795 of 1222)ABTO,Abert's Towhee (796 of 1222)RCCA,Red-crested Cardinal (797 of 1222)YBCA,Yellow-billed Cardinal (798 of 1222)NOCA,Northern Cardinal (799 of 1222)PYRR,Pyrrhuloxia (800 of 1222)RBGR,Rose-breasted Grosbeak (801 of 1222)BHGR,Black-headed Grosbeak (802 of 1222)YEGR,Yellow Grosbeak (803 of 1222)BLGR,Blue Grosbeak (804 of 1222)BLBU,Blue Bunting (805 of 1222)INBU,Indigo Bunting (806 of 1222)ILBH,Indigo X Lazuli Bunting Hybrid (807 of 1222)LAZB,Lazuli Bunting (808 of 1222)VABU,Varied Bunting (809 of 1222)PABU,Painted Bunting (810 of 1222)WCSE,White-collared Seedeater (811 of 1222)PUEB,Puerto Rican Bullfinch (812 of 1222)LESB,Lesser Antillean Bullfinch (813 of 1222)BFGR,Black-faced Grassquit (814 of 1222)CUGR,Cuban Grassquit (815 of 1222)YFGR,Yellow-faced Grassquit (816 of 1222)DICK,Dickcissel (817 of 1222)LARB,Lark Bunting (818 of 1222)ANEU,Antillean Euphonia (819 of 1222)WETA,Western Tanager (820 of 1222)FCTA,Flame-colored Tanager (821 of 1222)SCTA,Scarlet Tanager (822 of 1222)HETA,Hepatic Tanager (823 of 1222)SUTA,Summer Tanager (824 of 1222)WESP,Western Spindalis (825 of 1222)PRTA,Puerto Rican Tanager (826 of 1222)PUMA,Purple Martin (827 of 1222)GBMA,Gray-breasted Martin (828 of 1222)CAMA,Caribbean Martin (829 of 1222)CLSW,Cliff Swallow (830 of 1222)CASW,Cave Swallow (831 of 1222)BARS,Barn Swallow (832 of 1222)TRES,Tree Swallow (833 of 1222)VGSW,Violet-green Swallow (834 of 1222)BAHS,Bahama Swallow (835 of 1222)BANS,Bank Swallow (836 of 1222)NRWS,Northern Rough-winged Swallow (837 of 1222)BOWA,Bohemian Waxwing (838 of 1222)CEDW,Cedar Waxwing (839 of 1222)PHAI,Phainopepla (840 of 1222)NSHR,Northern Shrike (841 of 1222)BRSH,Brown Shrike (842 of 1222)LOSH,Loggerhead Shrike (843 of 1222)KAOO,Kauai Oo (844 of 1222)BIOO,Bishop's Oo (845 of 1222)JAWE,Japanese White-eye (846 of 1222)SLSH,San Clemente Loggerhead Shrike (847 of 1222)BWVI,Black-whiskered Vireo (848 of 1222)REVI,Red-eyed Vireo (849 of 1222)YGVI,Yellow-green Vireo (850 of 1222)PHVI,Philadelphia Vireo (851 of 1222)WAVI,Warbling Vireo (852 of 1222)YTVI,Yellow-throated Vireo (853 of 1222)BHVI,Blue-headed Vireo (854 of 1222)PLVI,Plumbeous Vireo (855 of 1222)CAVI,Cassin's Vireo (856 of 1222)SOVI,Solitary Vireo (857 of 1222)BCVI,Black-capped Vireo (858 of 1222)WEVI,White-eyed Vireo (859 of 1222)HUVI,Hutton's Vireo (860 of 1222)BEVI,Bell's Vireo (861 of 1222)PRVI,Puerto Rican Vireo (862 of 1222)LBVI,Least Bell's Vireo (863 of 1222)GRVI,Gray Vireo (864 of 1222)BANA,Bananaquit (865 of 1222)BAWW,Black-and-white Warbler (866 of 1222)HYWA,Hybrid Warbler (867 of 1222)PROW,Prothonotary Warbler (868 of 1222)SWWA,Swainson's Warbler (869 of 1222)WEWA,Worm-eating Warbler (870 of 1222)BWWA,Blue-winged Warbler (871 of 1222)BRWA,Brewster's Warbler (872 of 1222)LAWA,Lawrence's Warbler (873 of 1222)GBWH,Golden-winged x Blue-winged Warbler Hybrid (874 of 1222)GWWA,Golden-winged Warbler (875 of 1222)LUWA,Lucy's Warbler (876 of 1222)VIWA,Virginia's Warbler (877 of 1222)NAWA,Nashville Warbler (878 of 1222)OCWA,Orange-crowned Warbler (879 of 1222)TEWA,Tennessee Warbler (880 of 1222)COLW,Colima Warbler (881 of 1222)NOPA,Northern Parula (882 of 1222)TRPA,Tropical Parula (883 of 1222)CMWA,Cape May Warbler (884 of 1222)OLWA,Olive Warbler (885 of 1222)YEWA,Yellow Warbler (886 of 1222)BTBW,Black-throated Blue Warbler (887 of 1222)MYWA,Myrtle Warbler (888 of 1222)YRWA,Yellow-rumped Warbler (889 of 1222)AUWA,Audubon's Warbler (890 of 1222)MAWA,Magnolia Warbler (891 of 1222)CERW,Cerulean Warbler (892 of 1222)EWWA,Elfin-woods Warbler (893 of 1222)CSWA,Chestnut-sided Warbler (894 of 1222)BBWA,Bay-breasted Warbler (895 of 1222)BLPW,Blackpoll Warbler (896 of 1222)BLBW,Blackburnian Warbler (897 of 1222)YTWA,Yellow-throated Warbler (898 of 1222)SUWA,Sutton's Warbler (899 of 1222)GRWA,Grace's Warbler (900 of 1222)ADWA,Adelaide's Warbler (901 of 1222)BARW,Barbuda Warbler (902 of 1222)SLWA,St Lucia Warbler (903 of 1222)BTYW,Black-throated Gray Warbler (904 of 1222)GCWA,Golden-cheeked Warbler (905 of 1222)BTNW,Black-throated Green Warbler (906 of 1222)TOWA,Townsend's Warbler (907 of 1222)THWH,Townsend's X Hermit Warbler Hybrid (908 of 1222)HEWA,Hermit Warbler (909 of 1222)KIWA,Kirtland's Warbler (910 of 1222)PIWA,Pine Warbler (911 of 1222)WPWA,Western Palm Warbler (912 of 1222)YPWA,Yellow Palm Warbler (913 of 1222)PRAW,Prairie Warbler (914 of 1222)OVEN,Ovenbird (915 of 1222)NOWA,Northern Waterthrush (916 of 1222)LOWA,Louisiana Waterthrush (917 of 1222)KEWA,Kentucky Warbler (918 of 1222)CONW,Connecticut Warbler (919 of 1222)MOWA,Mourning Warbler (920 of 1222)MGWA,MacGillivray's Warbler (921 of 1222)COYE,Common Yellowthroat (922 of 1222)GCYE,Gray-crowned Yellowthroat (923 of 1222)YBCH,Yellow-breasted Chat (924 of 1222)HOWA,Hooded Warbler (925 of 1222)WIWA,Wilson's Warbler (926 of 1222)CAWA,Canada Warbler (927 of 1222)AMRE,American Redstart (928 of 1222)PARE,Painted Redstart (929 of 1222)FTWA,Fan-tailed Warbler (930 of 1222)HOSP,House Sparrow (931 of 1222)ETSP,Eurasian Tree Sparrow (932 of 1222)SLAR,Slate-throated Redstart (933 of 1222)RFWA,Red-faced Warbler (934 of 1222)GOLW,Golden-crowned Warbler (935 of 1222)RCWA,Rufous-capped Warbler (936 of 1222)WHWA,White Wagtail (937 of 1222)BWAG,Black-backed Wagtail (938 of 1222)EYWA,Eastern Yellow Wagtail (939 of 1222)GRAW,Gray Wagtail (940 of 1222)AMPI,American Pipit (941 of 1222)PEPI,Pechora Pipit (942 of 1222)OBPI,Olive-backed Pipit (943 of 1222)RTPI,Red-throated Pipit (944 of 1222)SPPI,Sprague's Pipit (945 of 1222)AMDI,American Dipper (946 of 1222)SATH,Sage Thrasher (947 of 1222)NOMO,Northern Mockingbird (948 of 1222)BAMO,Bahama Mockingbird (949 of 1222)TRMO,Tropical Mockingbird (950 of 1222)GRCA,Gray Catbird (951 of 1222)BRTH,Brown Thrasher (952 of 1222)LBTH,Long-billed Thrasher (953 of 1222)CBTH,Curve-billed Thrasher (954 of 1222)BETH,Bendire's Thrasher (955 of 1222)CATH,California Thrasher (956 of 1222)LCTH,Le Conte's Thrasher (957 of 1222)PETH,Pearly-eyed Thrasher (958 of 1222)CRTH,Crissal Thrasher (959 of 1222)CACW,Cactus Wren (960 of 1222)ROWR,Rock Wren (961 of 1222)CANW,Canyon Wren (962 of 1222)CARW,Carolina Wren (963 of 1222)BEWR,Bewick's Wren (964 of 1222)HOWR,House Wren (965 of 1222)WIWR,Winter Wren (966 of 1222)PAWR,Pacific Wren (967 of 1222)SEWR,Sedge Wren (968 of 1222)MAWR,Marsh Wren (969 of 1222)BRCR,Brown Creeper (970 of 1222)RWBU,Red-whiskered Bulbul (971 of 1222)RVBU,Red-vented Bulbul (972 of 1222)WBNU,White-breasted Nuthatch (973 of 1222)RBNU,Red-breasted Nuthatch (974 of 1222)BHNU,Brown-headed Nuthatch (975 of 1222)PYNU,Pygmy Nuthatch (976 of 1222)TUTI,Tufted Titmouse (977 of 1222)BCTI,Black-crested Titmouse (978 of 1222)OATI,Oak Titmouse (979 of 1222)JUTI,Juniper Titmouse (980 of 1222)PLTI,Plain Titmouse (981 of 1222)BRTI,Bridled Titmouse (982 of 1222)VATI,Varied Tit (983 of 1222)BCCH,Black-capped Chickadee (984 of 1222)HYCH,Hybrid Chickadee (985 of 1222)CACH,Carolina Chickadee (986 of 1222)MECH,Mexican Chickadee (987 of 1222)MOCH,Mountain Chickadee (988 of 1222)GHCH,Gray-headed Chickadee (989 of 1222)BOCH,Boreal Chickadee (990 of 1222)CBCH,Chestnut-backed Chickadee (991 of 1222)WREN,Wrentit (992 of 1222)RBLE,Red-billed Leiothrix (993 of 1222)HWAM,Hwamei (994 of 1222)GNLA,Greater Necklaced Laughingthrush (995 of 1222)OBNT,Orange-billed Nightingale-Thrush (996 of 1222)BUSH,Bushtit (997 of 1222)VERD,Verdin (998 of 1222)JABW,Japanese Bush-Warbler (999 of 1222)MILL,Millerbird (1000 of 1222)ARWA,Arctic Warbler (1001 of 1222)MIGW,Middendorff's Grasshopper-Warbler (1002 of 1222)WOWA,Wood Warbler (1003 of 1222)DUWA,Dusky Warbler (1004 of 1222)LANW,Lanceolated Warbler (1005 of 1222)GCKI,Golden-crowned Kinglet (1006 of 1222)RCKI,Ruby-crowned Kinglet (1007 of 1222)SIAC,Siberian Accentor (1008 of 1222)BGGN,Blue-gray Gnatcatcher (1009 of 1222)BTGN,Black-tailed Gnatcatcher (1010 of 1222)CAGN,California Gnatcatcher (1011 of 1222)BCGN,Black-capped Gnatcatcher (1012 of 1222)BACG,Baja Gnatcatcher (1013 of 1222)TOSO,Townsend's Solitaire (1014 of 1222)OMAO,Omao (1015 of 1222)PUAI,Puaiohi (1016 of 1222)KAMA,Kamao (1017 of 1222)OLOM,Olomao (1018 of 1222)WOTH,Wood Thrush (1019 of 1222)VEER,Veery (1020 of 1222)GCTH,Gray-cheeked Thrush (1021 of 1222)BITH,Bicknell's Thrush (1022 of 1222)GCBT,Unidentified Gray-cheeked/Bicknell's Thrush (1023 of 1222)SWTH,Swainson's Thrush (1024 of 1222)HETH,Hermit Thrush (1025 of 1222)REDW,Redwing (1026 of 1222)AMRO,American Robin (1027 of 1222)FIEL,Fieldfare (1028 of 1222)EYTH,Eyebrowed Thrush (1029 of 1222)DUTH,Dusky Thrush (1030 of 1222)CCTH,Clay-colored Thrush (1031 of 1222)RBRO,Rufous-backed Robin (1032 of 1222)RLTH,Red-legged Thrush (1033 of 1222)VATH,Varied Thrush (1034 of 1222)AZTH,Aztec Thrush (1035 of 1222)BLUE,Bluethroat (1036 of 1222)SIRU,Siberian Rubythroat (1037 of 1222)RFBL,Red-flanked Bluetail (1038 of 1222)NOWH,Northern Wheatear (1039 of 1222)EABL,Eastern Bluebird (1040 of 1222)WEBL,Western Bluebird (1041 of 1222)HYBL,Hybrid Western/Mountain Bluebird (1042 of 1222)MOBL,Mountain Bluebird (1043 of 1222)WRSH,White-rumped Shama (1044 of 1222)HAEL,Hawaii Elepaio (1045 of 1222)OAEL,Oahu Elepaio (1046 of 1222)KAEL,Kauai Elepaio (1047 of 1222)TAFL,Taiga Flycatcher (1048 of 1222)DSFL,Dark-sided Flycatcher (1049 of 1222)GSFL,Gray-streaked Flycatcher (1050 of 1222)LAFI,Laysan Finch (1051 of 1222)NIFI,Nihoa Finch (1052 of 1222)OU,Ou (1053 of 1222)PALI,Palila (1054 of 1222)MAPA,Maui Parrotbill (1055 of 1222)HAAM,Hawaii Amakihi (1056 of 1222)OAAM,Oahu Amakihi (1057 of 1222)KAAM,Kauai Amakihi (1058 of 1222)ANIA,Anianiau (1059 of 1222)GREA,Greater Akialoa (1060 of 1222)NUKU,Nukupuu (1061 of 1222)AKIP,Akiapolaau (1062 of 1222)AKIK,Akikiki (1063 of 1222)HCRE,Hawaii Creeper (1064 of 1222)MAAL,Maui Alauahio (1065 of 1222)KAKA,Kakawahie (1066 of 1222)OAAL,Oahu Alauahio (1067 of 1222)AKEP,Akepa (1068 of 1222)AKEK,Akekee (1069 of 1222)IIWI,Iiwi (1070 of 1222)AKOH,Akohekohe (1071 of 1222)APAP,Apapane (1072 of 1222)POUL,Poo-uli (1073 of 1222)REBI,Red Bishop (1074 of 1222)YCBI,Yellow-crowned Bishop (1075 of 1222)RCCO,Red-cheeked Cordonbleu (1076 of 1222)LAVW,Lavender Waxbill (1077 of 1222)ORAW,Orange-cheeked Waxbill (1078 of 1222)BRWX,Black-rumped Waxbill (1079 of 1222)COMW,Common Waxbill (1080 of 1222)REAV,Red Avadavat (1081 of 1222)AFSI,African Silverbill (1082 of 1222)BRMA,Bronze Mannikin (1083 of 1222)SBMU,Scaly-breasted Munia (1084 of 1222)TRMU,Tricolored Munia (1085 of 1222)JASP,Java Sparrow (1086 of 1222)PTWH,Pin-tailed Whydah (1087 of 1222)KIPE,King Penguin (1088 of 1222)EMPE,Emperor Penguin (1089 of 1222)GEPE,Gentoo Penguin (1090 of 1222)ADPE,Adelie Penguin (1091 of 1222)CHPE,Chinstrap Penguin (1092 of 1222)VIPE,Victoria Penguin (1093 of 1222)ROCP,Rockhopper Penguin (1094 of 1222)ROYP,Royal Penguin (1095 of 1222)MACP,Macaroni Penguin (1096 of 1222)FAPE,Fairy Penguin (1097 of 1222)AFPE,African Penguin (1098 of 1222)HUPE,Humboldt Penguin (1099 of 1222)MAGP,Magellanic Penguin (1100 of 1222)GALP,Galapagos Penguin (1101 of 1222)ROAL,Royal Albatross (1102 of 1222)BUAL,Buller's Albatross (1103 of 1222)GHAL,Gray-headed Albatross (1104 of 1222)SOAL,Sooty Albatross (1105 of 1222)LMSA,Light-mantled Albatross (1106 of 1222)SGPE,Southern Giant Petrel (1107 of 1222)SOFU,Southern Fulmar (1108 of 1222)BLPE,Blue Petrel (1109 of 1222)BBPR,Broad-billed Prion (1110 of 1222)DOPR,Dove Prion (1111 of 1222)TBPR,Thin-billed Prion (1112 of 1222)FAPR,Fairy Prion (1113 of 1222)ANPE,Antarctic Petrel (1114 of 1222)WCPE,White-chinned Petrel (1115 of 1222)KEPE,Kerguelen Petrel (1116 of 1222)SNPE,Snow Petrel (1117 of 1222)GBSP,Gray-backed Storm-Petrel (1118 of 1222)BECO,Blue-eyed Cormorant (1119 of 1222)SNSH,Snowy Sheathbill (1120 of 1222)LESH,Lesser Sheathbill (1121 of 1222)SBBG,Southern Black-backed Gull (1122 of 1222)ANTE,Antarctic Tern (1123 of 1222)KETE,Kerguelen Tern (1124 of 1222)HYSK,Hybrid Skua (1125 of 1222)NGPE,Northern Giant Petrel (1126 of 1222)BRSK,Brown Skua (1127 of 1222)TIMO,Tinian Monarch (1128 of 1222)MARC,Mariana Crow (1129 of 1222)GUSW,Guam Swiftlet (1130 of 1222)NIRW,Nightingale Reed Warbler (1131 of 1222)MIME,Micronesian Megapode (1132 of 1222)WRSW,White-rumped Swiftlet (1133 of 1222)PCFD,Purple-capped Fruit Dove (1134 of 1222)COLK,Collared Kingfisher (1135 of 1222)SAST,Samoan Starling (1136 of 1222)POST,Polynesian Starling (1137 of 1222)CAHO,Cardinal Honeyeater (1138 of 1222)WAHO,Wattled Honeyeater (1139 of 1222)MIHO,Micronesian Honeyeater (1140 of 1222)RUFA,Rufous Fantail (1141 of 1222)FISH,Fiji Shrikebill (1142 of 1222)BRWE,Bridled White-eye (1143 of 1222)GOWE,Golden White-eye (1144 of 1222)MIST,Micronesian Starling (1145 of 1222)BLDR,Black Drongo (1146 of 1222)LTCU,Long-tailed Cuckoo (1147 of 1222)MCFD,Many-colored Fruit Dove (1148 of 1222)PAPI,Pacific Pigeon (1149 of 1222)SHGD,Shy Ground Dove (1150 of 1222)MICK,Micronesian Kingfisher (1151 of 1222)GMKI,Guam Micronesian Kingfisher (1152 of 1222)MASW,Mariana Swiftlet (1153 of 1222)ROWE,Rota White-eye (1154 of 1222)ANMA,Antillean Mango (1155 of 1222)STTL,Streamertail (1156 of 1222)JATO,Jamaican Tody (1157 of 1222)SAFL,Sad Flycatcher (1158 of 1222)YBEL,Yellow-bellied Elaenia (1159 of 1222)GAEL,Greater Antillean Elaenia (1160 of 1222)JAEL,Jamaican Elaenia (1161 of 1222)JACR,Jamaican Crow (1162 of 1222)SHWR,Southern House Wren (1163 of 1222)BRTR,Brown Trembler (1164 of 1222)WETH,White-eyed Thrush (1165 of 1222)WCTH,White-chinned Thrush (1166 of 1222)RTSO,Rufous-throated Solitaire (1167 of 1222)TBVI,Thick-billed Vireo (1168 of 1222)JAVI,Jamaican Vireo (1169 of 1222)OLIW,Olive-capped Warbler (1170 of 1222)ARRW,Arrowhead Warbler (1171 of 1222)BAYE,Bahama Yellowthroat (1172 of 1222)ORAN,Orangequit (1173 of 1222)JAEU,Jamaican Euphonia (1174 of 1222)VETR,Venezuelan Troupial (1175 of 1222)JAOR,Jamaican Oriole (1176 of 1222)YSGR,Yellow-shouldered Grassquit (1177 of 1222)GABU,Greater Antillean Bullfinch (1178 of 1222)YBSE,Yellow-bellied Seedeater (1179 of 1222)BBGR,Blue-black Grassquit (1180 of 1222)HYNO,Hybrid Nonpasserine (1181 of 1222)HYPA,Hybrid Passerine (1182 of 1222)GRPA,Gray Partridge (1183 of 1222)CHUK,Chukar (1184 of 1222)NOBO,Northern Bobwhite (1185 of 1222)MOUQ,Mountain Quail (1186 of 1222)SCQU,Scaled Quail (1187 of 1222)CAQU,California Quail (1188 of 1222)GAQU,Gambel's Quail (1189 of 1222)MTZQ,Montezuma Quail (1190 of 1222)BGSE,Blue Grouse (1191 of 1222)SPGR,Spruce Grouse (1192 of 1222)RUGR,Ruffed Grouse (1193 of 1222)WIPT,Willow Ptarmigan (1194 of 1222)ROPT,Rock Ptarmigan (1195 of 1222)WTPT,White-tailed Ptarmigan (1196 of 1222)GPCH,Greater Prairie-Chicken (1197 of 1222)LPCH,Lesser Prairie-Chicken (1198 of 1222)STGR,Sharp-tailed Grouse (1199 of 1222)GRSG,Greater Sage Grouse (1200 of 1222)RPHE,Ring-necked Pheasant (1201 of 1222)GUSG,Gunnison Sage-Grouse (1202 of 1222)COMP,Common Peafowl (1203 of 1222)WITU,Wild Turkey (1204 of 1222)PLCH,Plain Chachalaca (1205 of 1222)RODO,Rock Dove (1206 of 1222)OTHER,Other Observation (1207 of 1222)SS Adult,Sharp-Shinned Hawk Adult (1208 of 1222)SS Imm,Sharp-Shinned Hawk Immature (1209 of 1222)SS Unk,Sharp-Shinned Hawk Unknown (1210 of 1222)CH Adult,Cooper's Hawk Adult (1211 of 1222)CH Imm,Cooper's Hawk Immature (1212 of 1222)CH Unk,Cooper's Hawk Unknown (1213 of 1222)RT AL,Red-Tailed Hawk Adult Light (1214 of 1222)RT AD,Red-Tailed Hawk Adult Dark (1215 of 1222)RT AU,Red-Tailed Hawk Adult Unknown (1216 of 1222)RT IL,Red-Tailed Hawk Immature Light (1217 of 1222)RT ID,Red-Tailed Hawk Immature Dark (1218 of 1222)RT IU,Red-Tailed Hawk Immature Unknown (1219 of 1222)RT UL,Red-Tailed Hawk Unknown Light (1220 of 1222)RT UD,Red-Tailed Hawk Unknown Dark (1221 of 1222)RT UU,Red-Tailed Hawk Unknown Unknown (1222 of 1222)